{"cameraMode":{"drawMode":0,"name":"Shaded","section":"Shading Mode"},"sceneLighting":false,"audioPlay":false,"sceneViewState":{"showFog":true,"showMaterialUpdate":false,"showSkybox":true,"showFlares":true,"showImageEffects":true,"showParticleSystems":true},"in2DMode":false,"pivot":{"x":-0.04353944957256317,"y":-0.20174074172973634,"z":-0.20112860202789308},"rotation":{"x":-0.42520764470100405,"y":-0.07969031482934952,"z":0.0376143641769886,"w":-0.9007958173751831},"size":1.6578187942504883,"orthographic":false}