{"cameraMode":{"drawMode":0,"name":"Shaded","section":"Shading Mode"},"sceneLighting":false,"audioPlay":false,"sceneViewState":{"showFog":true,"showMaterialUpdate":false,"showSkybox":true,"showFlares":true,"showImageEffects":true,"showParticleSystems":true},"in2DMode":false,"pivot":{"x":-6.210271835327148,"y":0.8996508121490479,"z":0.133331298828125},"rotation":{"x":-0.00430331751704216,"y":0.9813092350959778,"z":-0.022109340876340867,"w":-0.19111473858356477},"size":10.392894744873047,"orthographic":false}