{"cameraMode":{"drawMode":0,"name":"Shaded","section":"Shading Mode"},"sceneLighting":false,"audioPlay":false,"sceneViewState":{"showFog":true,"showMaterialUpdate":false,"showSkybox":true,"showFlares":true,"showImageEffects":true,"showParticleSystems":true},"in2DMode":false,"pivot":{"x":14.289999961853028,"y":0.6029999256134033,"z":-62.97999954223633},"rotation":{"x":0.1849134862422943,"y":0.01949499547481537,"z":-0.0036660213954746725,"w":0.9825546145439148},"size":4.29624605178833,"orthographic":false}